epoch,lr,loss,iou,val_loss,val_iou
100,0.001,0.6390756318966547,0.5745859790766193,0.5835785865783691,0.7875024981662982
